0.000000000000000000e+00,1.053312552721570527e-11,6.658065504165090500e-10,7.459803121811092169e-09,4.105592661584177954e-08,1.527507653021935990e-07,4.428723538886859051e-07,1.079282857648233416e-06,2.312676079516009557e-06,4.485015489864796933e-06,8.027260050485956274e-06,1.344248112637328740e-05,2.127058903808767929e-05,3.203116363542370489e-05,4.614131753388167303e-05,6.380610778512380856e-05,8.487974284962912497e-05,1.086966947047415452e-04,1.338728056437062022e-04,1.580775579106056378e-04,1.777798313741472936e-04,1.879706873738745665e-04,1.818679612245973124e-04,1.506086957049651456e-04,8.293667616382721999e-05,-3.510649303811044591e-05,-2.204772291073121523e-04,-4.934021897417437911e-04,-8.776154666902189058e-04,-1.400548643224853529e-03,-2.093461080338378331e-03,-2.991497477157320246e-03,-4.133659657168279461e-03,-5.562679680974189425e-03,-7.324781792978857752e-03,-9.469321384836550809e-03,-1.204829011026758122e-02,-1.511567751763845911e-02,-1.872668107819239550e-02,-2.293675827445805504e-02,-2.780051646633846518e-02,-3.337043855854339436e-02,-3.969544503491567733e-02,-4.681929568110931167e-02,-5.477883726116925672e-02,-6.360210651605711918e-02,-7.330630107954522190e-02,-8.389563422220956690e-02,-9.535909269740142080e-02,-1.076681203312442880e-01,-1.207742533267162077e-01,-1.346067364927139021e-01,-1.490701527142184457e-01,-1.640421009000276598e-01,-1.793709603303815237e-01,-1.948737817288632712e-01,-2.103343474527137880e-01,-2.255014448860895027e-01,-2.400873983868325734e-01,-2.537669059365850188e-01,-2.661762269374265966e-01,-2.769127673502495557e-01,-2.855351075497459257e-01,-2.915635168520195886e-01,-2.944809966325442896e-01,-2.937348912794789935e-01,-2.887391029113176577e-01,-2.788769418262156963e-01,-2.635046400476276363e-01,-2.419555500987516650e-01,-2.135450452955688361e-01,-1.775761314213145647e-01,-1.333457726675860711e-01,-8.015192724018053994e-02,-1.730128007934324946e-02,5.588234821010902575e-02,1.400489458210823490e-01,2.358126461738288826e-01,3.437415040603368777e-01,4.643467685429161218e-01,5.980717189723199212e-01,7.452801397603930900e-01,9.062445186620196047e-01,1.081134062193816581e+00,1.270002630343742389e+00,1.472776700805576322e+00,1.689243480504124317e+00,1.919039289059972786e+00,2.161638344976996695e+00,2.416342090624509886e+00,2.682269196434264202e+00,2.958346388051034559e+00,3.243300242378851728e+00,3.535650099474715091e+00,3.833702236985975009e+00,4.135545452242640252e+00,4.439048194147138027e+00,4.741857382605623172e+00,5.041399047382697951e+00,5.334880910911032892e+00
0.000000000000000000e+00,1.052451945452822190e-11,6.636226343336003257e-10,7.404410370095144246e-09,4.050923511980176035e-08,1.495364410122313491e-07,4.292614024911103089e-07,1.033354020019745817e-06,2.181483820799955237e-06,4.155201465513637561e-06,7.277865434935130297e-06,1.187407077843392739e-05,1.820449680835345605e-05,2.637281811001025925e-05,3.620230569313005346e-05,4.708096215386396320e-05,5.777545849211951633e-05,6.621573596346961243e-05,6.925386304590173514e-05,6.240254888968877660e-05,3.956055967756334177e-05,-7.265891048903241946e-06,-8.823495929337543057e-05,-2.159217625725917103e-04,-4.055378931155125119e-04,-6.751028243550929921e-04,-1.045551309376153851e-03,-1.540760346490494025e-03,-2.187479157574487732e-03,-3.015145927001504095e-03,-4.055575813391497017e-03,-5.342505995189200142e-03,-6.910985257410427740e-03,-8.796597874160920483e-03,-1.103451428287108294e-02,-1.365836426412217475e-02,-1.669893200718796517e-02,-2.018267651690778750e-02,-2.413008525256261569e-02,-2.855387362413826582e-02,-3.345704793615131289e-02,-3.883085448559392416e-02,-4.465264270203407604e-02,-5.088367537109815542e-02,-5.746692400841464654e-02,-6.432489224629683866e-02,-7.135751455390826337e-02,-7.844018162617347190e-02,-8.542194724059935795e-02,-9.212397419011954247e-02,-9.833827895382273032e-02,-1.038268359716799510e-01,-1.083211026575417041e-01,-1.115220255396277282e-01,-1.131005860935219293e-01,-1.126989418761208117e-01,-1.099322144411042645e-01,-1.043909701939092771e-01,-9.564443382024308271e-02,-8.324446620791518814e-02,-6.673032990674186704e-02,-4.563425518404752579e-02,-1.948780870173313223e-02,1.217094514775587596e-02,4.978951304849182219e-02,9.379230807798735747e-02,1.445713020482856381e-01,2.024760599557937635e-01,2.678032364421012446e-01,3.407856290436410696e-01,4.215808977401379609e-01,5.102600746885747052e-01,6.067960018315156079e-01,7.110518470710082140e-01,8.227698616745791060e-01,9.415605523004685340e-01,1.066892450270716219e+00,1.198082668264862871e+00,1.334288440244272067e+00,1.474499843950533462e+00,1.617533906569203150e+00,1.762030292948539856e+00,1.906448771969833533e+00,2.049068650162655825e+00,2.187990352353450074e+00,2.321139316966165822e+00,2.446272358527937119e+00,2.560986631972213878e+00,2.662731312512672144e+00,2.748822081255638761e+00,2.816458480435431788e+00,2.862744173342262055e+00,2.884710112849475649e+00,2.879340589156669683e+00,2.843602092204263965e+00,2.774474887475509188e+00,2.668987165908721870e+00,2.524251589752477543e+00,2.337504016794916151e+00,2.106144145896107212e+00
0.000000000000000000e+00,1.051243020320559143e-11,6.605578260619967895e-10,7.326802387892714445e-09,3.974506218931980079e-08,1.450568336073832948e-07,4.103624165119196669e-07,9.698609654890501261e-07,2.001048674841931422e-06,3.704255905961868459e-06,6.260062044961534395e-06,9.759844179754660181e-06,1.410588404450030684e-05,1.887904967266210171e-05,2.317403785855421818e-05,2.540444749092282581e-05,2.308247301019125729e-05,1.258066899732289295e-05,-1.111406243692836307e-05,-5.464148196993641476e-05,-1.264888032109182266e-04,-2.371739138509802952e-04,-3.993719713762964923e-04,-6.279651426838919054e-04,-9.399947168700439979e-04,-1.354495002478955674e-03,-1.892189396503094314e-03,-2.575030835333729558e-03,-3.425571539037582016e-03,-4.466150547476794262e-03,-5.717892002296676331e-03,-7.199512408732276249e-03,-8.925941144778239481e-03,-1.090676517514081213e-02,-1.314451615035124726e-02,-1.563282567993319258e-02,-1.835448239283054769e-02,-2.127943224918057638e-02,-2.436277123955813209e-02,-2.754278688331077488e-02,-3.073911159085334840e-02,-3.385105675684051824e-02,-3.675620117481399191e-02,-3.930931078910644000e-02,-4.134166871879437627e-02,-4.266089471150581042e-02,-4.305133154525325051e-02,-4.227507225584231643e-02,-4.007369632057065229e-02,-3.617077500818367819e-02,-3.027519598407136039e-02,-2.208534495681009277e-02,-1.129416773290399523e-02,2.404880374590424516e-03,1.931100909664159454e-02,3.970842291339475583e-02,6.385785835211590933e-02,9.198740360973990671e-02,1.242826982224861515e-01,1.608766337989491202e-01,2.018387000015560429e-01,2.471641425462001163e-01,2.967631215104196696e-01,3.504500782008340143e-01,4.079335367274437574e-01,4.688065817644657685e-01,5.325382662535148581e-01,5.984662115544653327e-01,6.657906673309046397e-01,7.335702988686519932e-01,8.007199652140306601e-01,8.660107421875274936e-01,9.280724297488279761e-01,9.853987632055892787e-01,1.036355522296890319e+00,1.079191701256613234e+00,1.112053866678144098e+00,1.133003788562256808e+00,1.140039383635848225e+00,1.131118959281295355e+00,1.104188691714433901e+00,1.057213213990173761e+00,9.882091286884623349e-01,8.952811975166524716e-01,7.766608964148835614e-01,6.307469609975392411e-01,4.561474842962549570e-01,2.517230678272457389e-01,1.663046906316013873e-02,-2.496338654562236525e-01,-5.471910407862539127e-01,-8.757384297787743632e-01,-1.234510601585167899e+00,-1.622243225842602943e+00,-2.037140733207301935e+00,-2.476848519966642126e+00,-2.938430480534894862e+00,-3.418352636047677695e+00,-3.912473599482115816e+00,-4.416042577350317799e+00
0.000000000000000000e+00,1.049545026196920958e-11,6.562591021047868030e-10,7.218200490785493257e-09,3.867918756740836790e-08,1.388350190406312191e-07,3.842501342140090410e-07,8.826818770664770974e-07,1.755115178557148984e-06,3.094806725184597425e-06,4.897767230263050171e-06,6.960900565338847867e-06,8.746512235074044704e-06,9.214996263414117339e-06,6.631067898564043624e-06,-1.647246801474826685e-06,-1.938372967462054764e-05,-5.166628480917843485e-05,-1.050761420013437974e-04,-1.878008728891643624e-04,-3.096662295450584705e-04,-4.820609713199530471e-04,-7.177292568287302246e-04,-1.030406991512048884e-03,-1.434281838077665783e-03,-1.943261464369909009e-03,-2.570041008271610732e-03,-3.324968605890508098e-03,-4.214717015601741890e-03,-5.240779668962457574e-03,-6.397820619200147128e-03,-7.671919509219768916e-03,-9.038764462137107575e-03,-1.046185728328316057e-02,-1.189080609608155793e-02,-1.325979003791549760e-02,-1.448628843283862426e-02,-1.547017246156795305e-02,-1.609326031624434480e-02,-1.621943674941171698e-02,-1.569543445173317286e-02,-1.435236754134044598e-02,-1.200809642587487118e-02,-8.470488311683970276e-03,-3.541618698515628869e-03,2.977063554158350563e-03,1.127861131397789145e-02,2.154352762606018615e-02,3.393185288731238175e-02,4.857449028723215961e-02,6.556390452479082809e-02,8.494436471210788098e-02,1.067019377705732408e-01,1.307544725020598764e-01,1.569418458142066986e-01,1.850167702043511442e-01,2.146364844697228047e-01,2.453556666458540092e-01,2.766209183692004414e-01,3.077671722856222813e-01,3.380163679685814770e-01,3.664787263957793861e-01,3.921569278548258652e-01,4.139534628947648676e-01,4.306813805128685280e-01,4.410786023002797873e-01,4.438259061480157031e-01,4.375686089753336172e-01,4.209418956847715276e-01,3.925996523306687358e-01,3.512465667206228770e-01,2.956731610002493182e-01,2.247933200672821152e-01,1.376837789808955936e-01,3.362493409664012861e-02,-8.785775118864358468e-02,-2.269525620270601285e-01,-3.835214623406282830e-01,-5.570620983913251445e-01,-7.466728855326912884e-01,-9.510222225218077918e-01,-1.168322893667281370e+00,-1.396312714488072482e+00,-1.632242449897287173e+00,-1.872871983981608812e+00,-2.114475646382537377e+00,-2.352857501691092423e+00,-2.583377285198300566e+00,-2.800987521349385112e+00,-3.000282191395536202e+00,-3.175557125616195631e+00,-3.320882085221104063e+00,-3.430184272280879298e+00,-3.497342765929433384e+00,-3.516293133257495374e+00,-3.481141207836363716e+00,-3.386284772122174491e+00,-3.226541626864585677e+00,-2.997282286104629989e+00,-2.694565305593190185e+00
0.000000000000000000e+00,1.047160555648848541e-11,6.502341922798146021e-10,7.066484340833852736e-09,3.719701456124525176e-08,1.302349083776116670e-07,3.484243187159842307e-07,7.641419564691966033e-07,1.424238868727239854e-06,2.284922329836944712e-06,3.113046318208665485e-06,3.353442636979245496e-06,1.966651570444192153e-06,-2.753204492178489694e-06,-1.336500322469550446e-05,-3.345077141325280835e-05,-6.774367283033702321e-05,-1.221844026015577313e-04,-2.038744518529591221e-04,-3.208946184026006195e-04,-4.819594041899872097e-04,-6.958827907712087030e-04,-9.708384266091328032e-04,-1.313407455943353544e-03,-1.727419874854328090e-03,-2.212610061238447744e-03,-2.763123479125946091e-03,-3.365928843375214953e-03,-3.999207457196185707e-03,-4.630808105832886004e-03,-5.216870835185848619e-03,-5.700735158330617024e-03,-6.012256716150277645e-03,-6.067660222566626481e-03,-5.770054800502324305e-03,-5.010729857234498888e-03,-3.671334942409064904e-03,-1.627025294163272125e-03,1.249374010904777225e-03,5.082167956994149138e-03,9.986579955478318629e-03,1.606160015609487887e-02,2.338201632031766328e-02,3.198980358065060120e-02,4.188510389978083309e-02,5.301707930576383954e-02,6.527497282536105783e-02,7.847975516567927412e-02,9.237677126183106713e-02,1.066298265119716565e-01,1.208171656814798905e-01,1.344297961081170334e-01,1.468725893126228144e-01,1.574685601323735640e-01,1.654666692314840648e-01,1.700534230153269988e-01,1.703684548994966186e-01,1.655241644974086712e-01,1.546293682042815809e-01,1.368167781456340326e-01,1.112739794601149551e-01,7.727742195616964238e-02,3.422878544160917746e-02,-1.830707691726691719e-02,-8.056356100042964818e-02,-1.525341797931488164e-01,-2.339360756430380606e-01,-3.241764711000985622e-01,-4.223234205694724741e-01,-5.270822600238536104e-01,-6.367791499069561656e-01,-7.493530634999219231e-01,-8.623574866655671078e-01,-9.729729632829813291e-01,-1.078031443228430364e+00,-1.174053167086164029e+00,-1.257296555853397058e+00,-1.323821268087407299e+00,-1.369564245976500283e+00,-1.390428201824466026e+00,-1.382381604859544533e+00,-1.341568823768469532e+00,-1.264428672642707197e+00,-1.147819207730252700e+00,-9.891462408127081885e-01,-7.864926839015247140e-01,-5.387455311459367069e-01,-2.457170290911725452e-01,9.174360302883775853e-02,4.716516549847890594e-01,8.908053898846358676e-01,1.344725207493080665e+00,1.827617059531899901e+00,2.332363403491013898e+00,2.850544610133066925e+00,3.372493264374253563e+00,3.887383222960761664e+00,4.383354621484229163e+00,4.847675266745371303e+00,5.266938020009471089e+00
0.000000000000000000e+00,1.043812953285253400e-11,6.417988339928609485e-10,6.855044831130177436e-09,3.514482104109034969e-08,1.184286215611258130e-07,2.997649249637120006e-07,6.052150907459727504e-07,9.874525510893520303e-07,1.235171910814269933e-06,8.487850629379888802e-07,-1.110107817132935099e-06,-6.180056397145978967e-06,-1.664845144915887235e-05,-3.565689453418876615e-05,-6.722715302032193023e-05,-1.161689348367702399e-04,-1.878316201708590686e-04,-2.876671987886186182e-04,-4.205813470447957369e-04,-5.900638762310670251e-04,-7.971083640209033041e-04,-1.038952926419956044e-03,-1.307698699525461361e-03,-1.588888227731930858e-03,-1.860150852102848218e-03,-2.090044399873356752e-03,-2.237239922409983272e-03,-2.250206851494108984e-03,-2.067557818868428609e-03,-1.619203863478612228e-03,-8.284505962494278673e-04,3.848666010909252279e-04,2.100155162681627535e-03,4.390749170339496195e-03,7.317574842167774186e-03,1.092194313391312184e-02,1.521769506502340663e-02,2.018300697702515856e-02,2.575224171621014885e-02,3.180830302967559142e-02,3.817600936362253866e-02,4.461704483417948397e-02,5.082706471686136013e-02,5.643552617757877088e-02,6.100877870752292181e-02,6.405688039506932108e-02,6.504450457585497780e-02,6.340616678520072380e-02,5.856583611331955819e-02,4.996080152285401615e-02,3.706944761548545270e-02,1.944236256149957376e-02,-3.264038215126967811e-03,-3.125242580768154699e-02,-6.454928605517047668e-02,-1.029709386309237973e-01,-1.460924867712561914e-01,-1.932214533483819774e-01,-2.433779167424560963e-01,-2.952829500521891304e-01,-3.473570818548750161e-01,-3.977303304767948466e-01,-4.442651137431752328e-01,-4.845930026903509935e-01,-5.161658743499701885e-01,-5.363215326111206993e-01,-5.423633180968180367e-01,-5.316526322598613685e-01,-5.017126751357142700e-01,-4.503410609728361047e-01,-3.757283543325950492e-01,-2.765789860590506799e-01,-1.522304896517007455e-01,-2.766570088239729639e-03,1.708807956886424784e-01,3.668452011032416471e-01,5.822605834698260097e-01,8.132217543056492470e-01,1.054775160509080711e+00,1.300943803736717586e+00,1.544789503234093919e+00,1.778514756738869274e+00,1.993605348921228648e+00,2.181013598578418922e+00,2.331380753146978346e+00,2.435295567606407197e+00,2.483584586316192055e+00,2.467628127855689968e+00,2.379694505756664302e+00,2.213283656091086016e+00,1.963470141281998815e+00,1.627234512675795219e+00,1.203771294257872881e+00,6.947614438576121820e-01,1.045970973300269918e-01,-5.594532616759948507e-01,-1.287150315819782120e+00,-2.065270051428118592e+00,-2.877678867716988886e+00
0.000000000000000000e+00,1.039114924945414175e-11,6.300061950426298756e-10,6.561368455335721903e-09,3.232076894921163765e-08,1.023793556437009119e-07,2.346322298789888432e-07,3.964929978767887825e-07,4.269001524698060962e-07,-7.508957580087403195e-08,-1.884412616490893641e-06,-6.284705641006661672e-06,-1.517041098702641789e-05,-3.107422050915106696e-05,-5.707309870834709285e-05,-9.652732350702235124e-05,-1.526153783288748081e-04,-2.276437848966137432e-04,-3.221349436860496758e-04,-4.337267064900959183e-04,-5.559527721006429345e-04,-6.770102301531991497e-04,-7.786561134207307814e-04,-8.354045933108828316e-04,-8.142162103396823969e-04,-6.748761748319398674e-04,-3.712467537017230925e-04,1.464535363001861470e-04,9.282450948236665653e-04,2.019833119016125472e-03,3.456974940244543926e-03,5.258949108540004851e-03,7.421425310668689282e-03,9.909154601945108221e-03,1.264901238932204450e-02,1.552402215699822188e-02,1.836905576946790131e-02,2.096893636307717301e-02,2.305965348690050543e-02,2.433333028484885308e-02,2.444745473463579011e-02,2.303870014464846905e-02,1.974141690407302946e-02,1.421058464853869156e-02,6.148682538984263403e-03,-4.664419654821267899e-03,-1.833980674993404558e-02,-3.484769948470852613e-02,-5.398737381510738259e-02,-7.536095647512289220e-02,-9.835338194286763480e-02,-1.221208310152929188e-01,-1.455898759131424025e-01,-1.674693177457758642e-01,-1.862763122940227500e-01,-2.003778401366899942e-01,-2.080478964442933343e-01,-2.075399726601565298e-01,-1.971735042838738683e-01,-1.754320022548667979e-01,-1.410696139210520228e-01,-9.322192342928239950e-02,-3.151595501715574732e-02,4.382635759726508790e-02,1.318974713623591033e-01,2.310327851165739910e-01,3.387648719438554612e-01,4.518094394429537086e-01,5.660883281534827560e-01,6.767937624975557398e-01,7.784966246356674890e-01,8.652997594834581641e-01,9.310352877558647489e-01,9.695026709005184484e-01,9.747419219972754956e-01,9.413339898396105854e-01,8.647180707100451391e-01,7.415135423753496102e-01,5.698324884912722155e-01,3.495675067020760363e-01,8.263877898825673640e-02,-2.268156780427668384e-01,-5.723219993915635850e-01,-9.450386718090028060e-01,-1.333822697253685519e+00,-1.725402471118157255e+00,-2.104662414556401462e+00,-2.455040067543855731e+00,-2.759031526603482387e+00,-2.998795963490846095e+00,-3.156844683765800852e+00,-3.216794996443073540e+00,-3.164164303676105572e+00,-2.987175526070211085e+00,-2.677541495551599038e+00,-2.231193501169840943e+00,-1.648917966726876960e+00,-9.368654402250529145e-01,-1.068978056204687166e-01,8.232570457577883527e-01
0.000000000000000000e+00,1.032525126351959681e-11,6.135546164234696790e-10,6.155426281107021691e-09,2.846850738050524240e-08,8.087000340782310362e-08,1.492956086347507376e-07,1.306967020943505235e-07,-2.620755886757073630e-07,-1.615893213454213485e-06,-4.924393881451670957e-06,-1.164232407890532469e-05,-2.363291100280264781e-05,-4.295244599393732249e-05,-7.142629875787117472e-05,-1.099938214692321306e-04,-1.578358179964313554e-04,-2.113450737415969386e-04,-2.630533008228289581e-04,-3.006802306470724600e-04,-3.065145305024435420e-04,-2.573631378072672614e-04,-1.253072419514577685e-04,1.205273152504394616e-04,5.110442810889518055e-04,1.073058902671076122e-03,1.824088147061164429e-03,2.766313008829135184e-03,3.880152648528645276e-03,5.118062178549116943e-03,6.399314404240628515e-03,7.606629602081181087e-03,8.585555789823022879e-03,9.147456832440933883e-03,9.076823869639349604e-03,8.143380601577383804e-03,6.119107267316609318e-03,2.799873939263433555e-03,-1.969126310534757927e-03,-8.265487035863869347e-03,-1.606110841315487592e-02,-2.519546384641561595e-02,-3.535331049560740124e-02,-4.604974372545166117e-02,-5.662549380856259085e-02,-6.625512070515028606e-02,-7.397025675234361608e-02,-7.869927278701353834e-02,-7.932371655574757541e-02,-7.475063176264283571e-02,-6.399847309684643382e-02,-4.629286967789513624e-02,-2.116705709787818773e-02,1.143949006434684390e-02,5.109171843865515511e-02,9.678708659252481528e-02,1.469093822708220087e-01,1.992161480932368167e-01,2.508665550674747391e-01,2.984948730070825507e-01,3.383323733416557788e-01,3.663776345714920279e-01,3.786119237912161095e-01,3.712527654002123478e-01,3.410351867637247958e-01,2.855066877303865103e-01,2.033189727949504533e-01,9.449717116006696449e-02,-3.933410263357293990e-02,-1.947887116633055526e-01,-3.666407431321735966e-01,-5.478472741992732598e-01,-7.296854301406867638e-01,-9.020116788173586642e-01,-1.053644778933643389e+00,-1.172866340922458228e+00,-1.248024924071667874e+00,-1.268221414907044098e+00,-1.224045601752810741e+00,-1.108326904770308818e+00,-9.168566704093442654e-01,-6.490357971362342715e-01,-3.084001667239784084e-01,9.702224201949614935e-02,5.545643634087148444e-01,1.047017688221273835e+00,1.552998878880871070e+00,2.047596941117206359e+00,2.503297674069639545e+00,2.891165798610435100e+00,3.182248183855034718e+00,3.349144876352907030e+00,3.367679184361329625e+00,3.218584905569191523e+00,2.889118903256697291e+00,2.374501532634927248e+00,1.679086641305302718e+00,8.171675490105281270e-01,-1.866641762772949797e-01,-1.297674216266804015e+00
0.000000000000000000e+00,1.023288536556788140e-11,5.906714277211944944e-10,5.598131273317686662e-09,2.327972184372421595e-08,5.263671715883422453e-08,4.101564533220417535e-08,-1.920484308697435135e-07,-1.052067061028962918e-06,-3.253009584360289339e-06,-7.831532033577550208e-06,-1.602550911594006623e-05,-2.895554012325246576e-05,-4.707442520862170041e-05,-6.939805847609369310e-05,-9.259786844589548629e-05,-1.101107969211496365e-04,-1.114942518348133112e-04,-8.230395405134567112e-05,-4.785032111218975852e-06,1.403735756545012052e-04,3.710735231443592426e-04,6.996472276216493579e-04,1.127738755979384869e-03,1.640710771809949153e-03,2.202314597414902625e-03,2.750574395941647945e-03,3.195969717165088059e-03,3.423011721587353780e-03,3.296163539589078671e-03,2.670734657308686776e-03,1.408882729194108931e-03,-5.997928471592056665e-04,-3.414334279147163056e-03,-7.017238661929647674e-03,-1.129077761114220292e-02,-1.599815799428817506e-02,-2.077314614727425110e-02,-2.512170022061202546e-02,-2.843864168473031820e-02,-3.004141390440154963e-02,-2.922153685627231975e-02,-2.531254064491808911e-02,-1.777107092876309760e-02,-6.265683545566863577e-03,9.234197521211092927e-03,2.837835058286968318e-02,5.037508703725249171e-02,7.396026225632734707e-02,9.740554396785336411e-02,1.185735405357257882e-01,1.350242791777429563e-01,1.441733834244149914e-01,1.434973596072359747e-01,1.307760098847157437e-01,1.043565904517252813e-01,6.341944609817047607e-02,8.221026580983548798e-03,-5.971203879738130188e-02,-1.374642982449476858e-01,-2.207125157110108038e-01,-3.038258214245633804e-01,-3.800970501040972227e-01,-4.421077279698626961e-01,-4.822178213478838238e-01,-4.931590328314070515e-01,-4.686980755524970954e-01,-4.043250570337329486e-01,-2.979130024779224062e-01,-1.502887469308965551e-01,3.434610908515346728e-02,2.482020321525176543e-01,4.799451979760950282e-01,7.150327788806578599e-01,9.363556540832931319e-01,1.125181343184167737e+00,1.262364474482942311e+00,1.329765890973269249e+00,1.311796641388370821e+00,1.196981815428967089e+00,9.794236481108277159e-01,6.600355133693787124e-01,2.474199284861343107e-01,-2.417244976277604651e-01,-7.827598331557428235e-01,-1.343889506814371249e+00,-1.887581990010265720e+00,-2.372609054022321029e+00,-2.756619293770002255e+00,-2.999116965093690190e+00,-3.064669770570105367e+00,-2.926131140231908567e+00,-2.567636663280931764e+00,-1.987123967308750183e+00,-1.198132985346368473e+00,-2.306705311373062617e-01,8.690306054452225926e-01,2.039963743070905444e+00,3.209038424366423392e+00,4.294946269222146285e+00
0.000000000000000000e+00,1.010355371625016409e-11,5.589756900816102579e-10,4.840524571634845179e-09,1.641841911284011762e-08,1.671283797283789022e-08,-8.971638200188432089e-08,-5.546482703844476394e-07,-1.853446028835470955e-06,-4.674584155206946572e-06,-9.752977300137757917e-06,-1.748447538094858553e-05,-2.731105040841703732e-05,-3.695229123880022169e-05,-4.166455490659856230e-05,-3.380907402499041636e-05,-3.071809558004984908e-06,6.233243784346810502e-05,1.732467682625405000e-04,3.359392212975919017e-04,5.475469861301695933e-04,7.912553271937244111e-04,1.032218324808484907e-03,1.215485389090393241e-03,1.267275425339254484e-03,1.100765006552347500e-03,6.270830413715953447e-04,-2.285668517092044995e-04,-1.506745695395025723e-03,-3.191801240604879523e-03,-5.191374402440455428e-03,-7.321513737179843190e-03,-9.301869894814053519e-03,-1.076512839329356319e-02,-1.128374080253361986e-02,-1.041510870742859765e-02,-7.763764650838547374e-03,-3.056019267190928767e-03,3.780628319230731546e-03,1.254382345678218581e-02,2.270086166197125832e-02,3.336434657192694636e-02,4.331076393538293989e-02,5.105053621259595525e-02,5.495296381196873581e-02,5.342265010103744438e-02,4.511615220327103160e-02,2.917956797559691576e-02,5.480625146769839591e-03,-2.519627180372539452e-02,-6.102556896537077863e-02,-9.911818712472642012e-02,-1.356262542830002915e-01,-1.659889401458997382e-01,-1.853184413079631276e-01,-1.889074826765712589e-01,-1.728210240450518964e-01,-1.345173600078037601e-01,-7.342986420272262782e-02,8.567404481103624639e-03,1.068871520632277416e-01,2.142171672921781289e-01,3.208185358228896611e-01,4.151549933824862926e-01,4.848397318997242911e-01,5.178469027952079529e-01,5.038958001583612178e-01,4.358808175986345068e-01,3.111944827936783953e-01,1.327785389296124718e-01,-9.025741426073118079e-02,-3.425868213523408090e-01,-6.032814093512103293e-01,-8.471264034083831884e-01,-1.046599626738401234e+00,-1.174400351635412454e+00,-1.206337247660570489e+00,-1.124318465512149645e+00,-9.191394989026220319e-01,-5.927437117245207832e-01,-1.596420839695793237e-01,3.527742337205999612e-01,9.052131137296361985e-01,1.448824698356332208e+00,1.928846616089340715e+00,2.289344216723434577e+00,2.478697718146580353e+00,2.455366185864916062e+00,2.193370720358325254e+00,1.686899450562679537e+00,9.534547285308520026e-01,3.504311649118846406e-02,-1.002949860849963182e+00,-2.075363442452820006e+00,-3.083273134309874042e+00,-3.922086070390784940e+00,-4.491147865418961160e+00,-4.704071043134735675e+00,-4.498834159279586409e+00,-3.846618901293748394e+00
0.000000000000000000e+00,9.922724360398453995e-12,5.153351300876962611e-10,3.825116993888612200e-09,7.590437337968861564e-09,-2.685122977832201862e-08,-2.351734169507764420e-07,-9.083760878084814390e-07,-2.477028777721666410e-06,-5.330955973847745020e-06,-9.412334976290850257e-06,-1.360822175773105173e-05,-1.510473913247983364e-05,-9.010869525774060931e-06,1.134494027626203853e-05,5.306289304932871600e-05,1.210679282425791264e-04,2.144170334226735953e-04,3.221679744211271680e-04,4.199656340310510853e-04,4.688721867672007780e-04,4.180306304726764607e-04,2.123660461501651977e-04,-1.943678248862299102e-04,-8.222403641897467344e-04,-1.646144767734015893e-03,-2.579329583140899280e-03,-3.464681197528837742e-03,-4.079096934287066052e-03,-4.155157660986971355e-03,-3.421794717933504450e-03,-1.661899253564837415e-03,1.219681649394446657e-03,5.128799531632852182e-03,9.729819277175250428e-03,1.442453007138568867e-02,1.837659617049072075e-02,2.059109082129292195e-02,2.005043862511975833e-02,1.589734213949292249e-02,7.643473161184542730e-03,-4.628083356281553588e-03,-2.010609865696205700e-02,-3.718153073360278005e-02,-5.350089360523740262e-02,-6.616532822370256584e-02,-7.207741300547343410e-02,-6.841193275543665242e-02,-5.315932217981366587e-02,-2.566586167520497688e-02,1.292210152111576867e-02,5.940701614720276386e-02,1.085678202375604112e-01,1.535238662669195786e-01,1.864486025277856396e-01,1.995915071742441205e-01,1.865076823116205151e-01,1.433404435584052228e-01,6.996307156377876146e-02,-2.922919386439458422e-02,-1.450700096542694162e-01,-2.640590318591037877e-01,-3.695471379438332038e-01,-4.436258198826936172e-01,-4.695593567581491934e-01,-4.344859263319137410e-01,-3.320248656702033396e-01,-1.643795924500391359e-01,5.646667754269771994e-02,3.087947141322757161e-01,5.626323309200577105e-01,7.826927186386528623e-01,9.325692212596996544e-01,9.797697442929382827e-01,9.009853169828652142e-01,6.868606437757618366e-01,3.454977197964591573e-01,-9.600491462022048283e-02,-5.924902858572012043e-01,-1.084385681257908463e+00,-1.503918151867250419e+00,-1.783381622995310778e+00,-1.864567435271232920e+00,-1.708182088554005551e+00,-1.301919024836858174e+00,-6.658651568777199659e-01,1.458726328112678050e-01,1.048045965286530379e+00,1.931830975097164282e+00,2.676628225541581863e+00,3.164992146029553144e+00,3.299011063472952365e+00,3.016051108740012587e+00,2.301613566907949160e+00,1.197187158029360043e+00,-1.985801738295165375e-01,-1.736337788295158946e+00,-3.230122639129803463e+00,-4.478039205881588991e+00,-5.287462538940733481e+00
0.000000000000000000e+00,9.670407946517747555e-12,4.557592438018586954e-10,2.492177057529929611e-09,-3.303205020312238302e-09,-7.568691977389762652e-08,-3.743721496958764735e-07,-1.156278297577860903e-06,-2.614436556816364377e-06,-4.493922302602979973e-06,-5.550231414602651717e-06,-3.112567361405704364e-06,6.810948075903156812e-06,2.842133422717370598e-05,6.377262246956584004e-05,1.094462096031148892e-04,1.532293564710047117e-04,1.724231138625277767e-04,1.356862881263610284e-04,9.923582544978181119e-06,-2.275155951014596126e-04,-5.730416835320574975e-04,-9.814332475833876905e-04,-1.356719773583453309e-03,-1.555810840881038546e-03,-1.409944114618228318e-03,-7.653084074880486462e-04,4.614913796363632700e-04,2.224015727121640869e-03,4.299164688596187299e-03,6.272180235079403456e-03,7.570592086244235831e-03,7.556307671903538838e-03,5.671749734435966271e-03,1.619357891540885910e-03,-4.462458178402291947e-03,-1.187508788831704784e-02,-1.933712847671105461e-02,-2.510233992763482094e-02,-2.723258280704565423e-02,-2.400490580812323152e-02,-1.439204889413297876e-02,1.479961328229921448e-03,2.201463157043239555e-02,4.408356572101728571e-02,6.330524757894713528e-02,7.468947803757136628e-02,7.359315064819046959e-02,5.684676896001740476e-02,2.383723017486875234e-02,-2.270891071371686915e-02,-7.648934082848250771e-02,-1.281181525978950519e-01,-1.664050990531805163e-01,-1.803187922944942678e-01,-1.613573158628635873e-01,-1.059014585464728014e-01,-1.704066400499556697e-02,9.462889616893760403e-02,2.116146983922117530e-01,3.117016022045414059e-01,3.715416744820929096e-01,3.711851858755841893e-01,2.987904137017944883e-01,1.545711773737399874e-01,-4.697181689786918829e-02,-2.773052120113811969e-01,-4.969953076701077999e-01,-6.615880925950701208e-01,-7.295225196207868468e-01,-6.708281875641378678e-01,-4.749923611642650201e-01,-1.562851747667375890e-01,2.449320454538177205e-01,6.658189390383344453e-01,1.029650476671456927e+00,1.258472740665530054e+00,1.287953466791814661e+00,1.081846977752273009e+00,6.431880684940777249e-01,1.955213555251437280e-02,-6.995007038236037422e-01,-1.393418984783253878e+00,-1.929154700409276835e+00,-2.184636196474508463e+00,-2.073386983212128776e+00,-1.565721367187775437e+00,-7.020014884531182719e-01,4.056240138318271127e-01,1.584831733415348554e+00,2.627594929059879458e+00,3.324504573904610627e+00,3.503676404931799215e+00,3.067459218743050275e+00,2.019751232038132116e+00,4.776458597820182339e-01,-1.336654299993247585e+00,-3.124468840419572846e+00,-4.556853171230862642e+00,-5.331784289079813277e+00
0.000000000000000000e+00,9.319359019835260988e-12,3.754235734277415010e-10,7.959382315136122233e-10,-1.587641422886439042e-08,-1.231216455022927529e-07,-4.665714542389640966e-07,-1.149197424075978346e-06,-1.904944867668411893e-06,-1.651152697963185306e-06,1.723086924220905205e-06,1.079131694098025467e-05,2.683759088379328065e-05,4.709656062283204336e-05,6.210045301406502704e-05,5.511493410590129996e-05,5.825948647045940058e-06,-1.006109994835043431e-04,-2.604411558472990236e-04,-4.385299676379721383e-04,-5.629662100522018998e-04,-5.344996178929517765e-04,-2.551739988249236268e-04,3.262839993443832532e-04,1.163807895166548518e-03,2.077722198780788000e-03,2.755778737524648084e-03,2.809268378366086040e-03,1.887142844462133973e-03,-1.711558977093001358e-04,-3.186940760524653755e-03,-6.556229277970946831e-03,-9.284267664055283545e-03,-1.017551443209911526e-02,-8.169730157227014442e-03,-2.758568283647038454e-03,5.634605382675669794e-03,1.545595542876688350e-02,2.413285192529794967e-02,2.856092812018617283e-02,2.592510196448084142e-02,1.468898399990667056e-02,-4.517953384742767059e-03,-2.843158380326863202e-02,-5.137359564130286604e-02,-6.628676853764560450e-02,-6.648628334436777754e-02,-4.777696442217539696e-02,-1.038136270744062853e-02,3.995896002824968207e-02,9.225146477321781446e-02,1.321475461930555484e-01,1.452913038801276757e-01,1.214720314847455435e-01,5.854154516035756789e-02,-3.510604423232178972e-02,-1.405355046191103796e-01,-2.312942368397266635e-01,-2.792340574808281906e-01,-2.620485138859310892e-01,-1.707272451685601378e-01,-1.479185485195804416e-02,1.766094215613629170e-01,3.588657602264737068e-01,4.811679394492568429e-01,4.992466658377220368e-01,3.886844501169222088e-01,1.552151293475716176e-01,-1.613740817960624685e-01,-4.919404618417975716e-01,-7.514872807083153861e-01,-8.592808171946736406e-01,-7.612119964445702713e-01,-4.486981053045777101e-01,3.155981403461884799e-02,5.810670806653507325e-01,1.067426880599674277e+00,1.354069290335587761e+00,1.335668341987192420e+00,9.706412210614107083e-01,3.016296180536640059e-01,-5.432508351263125590e-01,-1.371511658804093869e+00,-1.967350221585909775e+00,-2.144631377009030171e+00,-1.799481510188595701e+00,-9.486039556059413513e-01,2.586781966857714665e-01,1.561318136291194536e+00,2.639257874163700279e+00,3.188335742843895204e+00,3.000717781580779953e+00,2.030627027368312465e+00,4.264553642607966655e-01,-1.483230225998870999e+00,-3.251800886085530529e+00,-4.414554214309471369e+00,-4.605289748110410031e+00,-3.661383171057974728e+00,-1.688978160636162018e+00
0.000000000000000000e+00,8.832937733918387142e-12,2.690177758119830109e-10,-1.261460017099837141e-09,-2.878830528446644391e-08,-1.559547513067458012e-07,-4.507388635364982045e-07,-7.309371029904206716e-07,-2.082034805708387659e-07,2.558104604524748652e-06,8.790104713227594755e-06,1.747990895754515328e-05,2.308629001135832100e-05,1.504357912161940324e-05,-1.845009299271160906e-05,-8.147510491934461705e-05,-1.590004824905859120e-04,-2.099941909394046908e-04,-1.738734690591780890e-04,4.125779504038210222e-06,3.323818617825243849e-04,7.334049469711886393e-04,1.031132231622457034e-03,9.892728328065145300e-04,4.079782924719201390e-04,-7.440552983507299489e-04,-2.217029152784943686e-03,-3.458621845248804373e-03,-3.740276016253354843e-03,-2.435543758722801249e-03,6.223211326178707935e-04,4.848203446236571713e-03,8.850611405982955135e-03,1.073933216170200669e-02,8.792654532154374827e-03,2.308601741405178105e-03,-7.686687387327785503e-03,-1.825042499951019109e-02,-2.512320498550317527e-02,-2.411863578946615849e-02,-1.294922567114493647e-02,7.171521540556952644e-03,3.091752932468206511e-02,4.979631605585529974e-02,5.471477291451738029e-02,3.955060563897833809e-02,4.515613180461704526e-03,-4.214870840898492926e-02,-8.529675402722157462e-02,-1.071097803912894192e-01,-9.350811663429760279e-02,-4.069448541418054649e-02,4.077845655942322067e-02,1.266471946992609732e-01,1.851436999281450002e-01,1.875984441696834648e-01,1.202532264350550106e-01,-7.088666599980183135e-03,-1.596495380512526208e-01,-2.856022088985382124e-01,-3.322216212009146408e-01,-2.657209934605756496e-01,-8.788657104016781019e-02,1.575010610863558647e-01,3.929043572819105323e-01,5.295996166600892563e-01,4.987194658401938319e-01,2.805985270127443476e-01,-7.894701066564988046e-02,-4.738611602543680856e-01,-7.664344368268770635e-01,-8.325951044468280493e-01,-6.098742656578817201e-01,-1.306669609106657637e-01,4.739671256480830208e-01,1.006155038453337980e+00,1.262667082366803140e+00,1.108022876444932026e+00,5.342065913970610591e-01,-3.169401876484644887e-01,-1.182462219120302027e+00,-1.755277223950453935e+00,-1.788428526293432741e+00,-1.192639941849493290e+00,-9.081932118988576830e-02,1.196276954770798318e+00,2.237570338314580187e+00,2.630784616751138838e+00,2.149988765325362206e+00,8.495928230736055076e-01,-9.182811535211079512e-01,-2.590513542479566667e+00,-3.566050563769248338e+00,-3.414333364682351490e+00,-2.049067469723233614e+00,1.989139773246308973e-01,2.647928269998556239e+00,4.464017736483710586e+00,4.936991247134267624e+00,3.745079449456797160e+00
0.000000000000000000e+00,8.162851253888888285e-12,1.317737897101153602e-10,-3.568597686215661219e-09,-3.914576039782293507e-08,-1.540011789262838785e-07,-2.665262186315056095e-07,1.119237391499962038e-07,1.861946714770316073e-06,5.302633646884615091e-06,8.323089995090367623e-06,5.209931147347263489e-06,-1.104186118541334892e-05,-4.145053424904076331e-05,-7.189284329471496468e-05,-7.058209154421006114e-05,-1.619898827593563658e-06,1.440999455964861941e-04,3.153386945895177065e-04,3.931011156441903257e-04,2.360693306157650906e-04,-2.213480634154587658e-04,-8.626944853793655022e-04,-1.354057645750452767e-03,-1.250969170790149163e-03,-2.514739374299998866e-04,1.507595795965353336e-03,3.300123561609269798e-03,3.987169022358121907e-03,2.561713293825143654e-03,-1.130060121656323909e-03,-5.888579240161044386e-03,-9.306762860463141385e-03,-8.744628510022011553e-03,-2.856484614170494256e-03,7.065482054345647439e-03,1.683402309301445382e-02,2.076050878170344199e-02,1.445537806460201434e-02,-2.147094516714668881e-03,-2.325823996183050066e-02,-3.859560049821174343e-02,-3.777580764422822784e-02,-1.615242138830898927e-02,2.080969762519397498e-02,5.755251169060065369e-02,7.410201995082581206e-02,5.581728688150362078e-02,2.891185368422771133e-03,-6.574031119966630698e-02,-1.177135620104556024e-01,-1.212352292256684699e-01,-6.230173147158359764e-02,4.342827960189200864e-02,1.518218423843437082e-01,2.069612451035279244e-01,1.679641322114952540e-01,3.389999608334455516e-02,-1.468757606954782802e-01,-2.913036930558464133e-01,-3.175133129986580927e-01,-1.875923943390576387e-01,6.378890836912931572e-02,3.327095999259099823e-01,4.858616307233858400e-01,4.233201755412689948e-01,1.360649205821414798e-01,-2.724480556936559328e-01,-6.183927801920703349e-01,-7.165662032189415998e-01,-4.741108042172130776e-01,4.638571083697298064e-02,6.318746805925614662e-01,1.000901393687687824e+00,9.338903670466591755e-01,3.935332322155278839e-01,-4.272125067462991810e-01,-1.165250720996951372e+00,-1.442232790291203326e+00,-1.050923445267923695e+00,-8.427481529932265292e-02,1.066050890379735216e+00,1.860237878519114929e+00,1.856447302581512915e+00,9.435011356575563335e-01,-5.576262712237645136e-01,-1.992262007659444389e+00,-2.649076833862433311e+00,-2.102640081217382217e+00,-4.607073657444177850e-01,1.618585956012737137e+00,3.178131225456637399e+00,3.392495770018312040e+00,1.988552797544890005e+00,-5.520299152380591101e-01,-3.134947764672102011e+00,-4.512507750820701879e+00,-3.873238964206695112e+00,-1.288795198347048254e+00,2.217236633893940656e+00
0.000000000000000000e+00,7.247391888242155249e-12,-3.823434420901321889e-11,-5.811034518810183216e-09,-4.214013171966356161e-08,-9.639115918892515388e-08,8.116973476184733954e-08,9.959436308109427218e-07,2.578060477741887811e-06,2.690219066467197974e-06,-2.802426213228155692e-06,-1.562980615261201362e-05,-2.768828906956332999e-05,-1.903100150977249220e-05,2.842604384087928291e-05,1.030280217924465944e-04,1.445462853601950089e-04,6.822398517299720446e-05,-1.581504097848837826e-04,-4.298206931098680307e-04,-5.041025918901337810e-04,-1.481935517026165838e-04,6.144391098207616867e-04,1.347356662972472351e-03,1.351010484132464514e-03,1.613112678099062241e-04,-1.877807328123891123e-03,-3.466534161961018663e-03,-2.991832488431766645e-03,2.155425477978080277e-04,4.829426287812541539e-03,7.705905784545111041e-03,5.699085890392216122e-03,-1.717648165890589681e-03,-1.089971958283233143e-02,-1.528593935900684347e-02,-9.536349825077193587e-03,5.726856491153220312e-03,2.219564215419861028e-02,2.764284870825999690e-02,1.409794013871317267e-02,-1.453446246186168404e-02,-4.157428758491615167e-02,-4.623926457728980144e-02,-1.816686082166361557e-02,3.160378517707707058e-02,7.262840567966763472e-02,7.225597885074727666e-02,1.930603723795362367e-02,-6.179589804958115357e-02,-1.195506585141806050e-01,-1.061586315575764050e-01,-1.340932844722128592e-02,1.115165858514061414e-01,1.868481009131261472e-01,1.471449023835651737e-01,-5.750414210496880910e-03,-1.887402702348369155e-01,-2.788863148418170845e-01,-1.924907530596273453e-01,4.692981278744373652e-02,3.028677509047189575e-01,3.992535138228786584e-01,2.368276794606635205e-01,-1.217267725359208463e-01,-4.643793572850853368e-01,-5.499482244250940566e-01,-2.713958548784995428e-01,2.447387960827521747e-01,6.842534777271681579e-01,7.304091417462291735e-01,2.833295574793647797e-01,-4.335109115482930764e-01,-9.731321941664009545e-01,-9.364216094904826981e-01,-2.550404992726741371e-01,7.082202108732321699e-01,1.340230456047329266e+00,1.158950970126433333e+00,1.637708258136263972e-01,-1.091051938212314054e+00,-1.792002247063152254e+00,-1.382967802496015697e+00,1.861001767841046275e-02,1.605233970169106295e+00,2.330595741438348689e+00,1.586342854733286289e+00,-3.254921429525715615e-01,-2.273712073641461107e+00,-2.952148599170013377e+00,-1.738899383864355608e+00,7.950296747450639190e-01,3.117466989442252867e+00,3.644993315304941639e+00,1.801716821921319545e+00,-1.469207550764716208e+00,-4.153495458857030975e+00,-4.387859882578709403e+00,-1.726781531836684591e+00,2.392430713354010141e+00
0.000000000000000000e+00,6.011582867160616839e-12,-2.356958488997573927e-10,-7.366159307530879679e-09,-3.195507366070360306e-08,1.790660259266571560e-08,4.199216716976654541e-07,1.065485314764799484e-06,3.577443965248958727e-07,-3.931323577073984337e-06,-9.721103058538623867e-06,-6.554241762472698116e-06,1.615593381716224825e-05,4.719455807453846113e-05,4.311011464657889107e-05,-3.614564173597671653e-05,-1.551098725965171870e-04,-1.769764976162558939e-04,2.820140002948183289e-05,3.847450807385381730e-04,5.400667043976132252e-04,1.266883291811657418e-04,-7.551158444529165520e-04,-1.331937748439049937e-03,-6.896184964004838927e-04,1.171656857313302250e-03,2.778848684394696726e-03,2.109091678127495133e-03,-1.310610707481507653e-03,-5.028568246102661440e-03,-5.018444956467840203e-03,4.924303071712069543e-04,7.972800076135669323e-03,1.014733921227381659e-02,2.413657375429782790e-03,-1.101029079493764939e-02,-1.811645666869943910e-02,-8.997635450076148581e-03,1.279045753154486875e-02,2.910415845073545393e-02,2.116894978204645478e-02,-1.100443247369887675e-02,-4.240489427225158092e-02,-4.081929088584616838e-02,2.311104092523897421e-03,5.593775338021651083e-02,6.926539411696362725e-02,1.750686673250878567e-02,-6.580319377011073501e-02,-1.064923501695889119e-01,-5.307375229362465419e-02,6.601834811972862038e-02,1.502722980599569547e-01,1.085889643838215679e-01,-4.857745879431444452e-02,-1.952914093488632152e-01,-1.866398075223809627e-01,3.975975002161956894e-03,2.324694883304182225e-01,2.867398454138075925e-01,7.770074621240913304e-02,-2.486897969656602647e-01,-4.037570382934311253e-01,-2.050917562847333064e-01,2.271608530455566655e-01,5.264756889460741052e-01,3.833413968889719525e-01,-1.485983577267427636e-01,-6.365983500784170301e-01,-6.115246004000670643e-01,-6.660229547127252507e-03,7.085232627440433140e-01,8.800131814732079505e-01,2.556121877520023955e-01,-7.102165540263186694e-01,-1.168185098481939521e+00,-6.087695906392738276e-01,6.054274618041682876e-01,1.442951229408496516e+00,1.065881998410768805e+00,-3.573667001464700399e-01,-1.658595133862096560e+00,-1.611684827401023368e+00,-6.621203994756995337e-02,1.758375315334077760e+00,2.212293487867262431e+00,6.868058393495742875e-01,-1.678217733202116868e+00,-2.812948034310323475e+00,-1.508344777629573086e+00,1.352628485812443326e+00,3.337821942363036420e+00,2.510498805874832762e+00,-7.226926531916630925e-01,-3.692523879802305231e+00,-3.643024144544606546e+00,-2.542841219672698494e-01,3.769733989273214458e+00,4.822165806516856890e+00,1.594259172691242066e+00
0.000000000000000000e+00,4.372112965380408219e-12,-4.408482211608861206e-10,-7.281056790489269941e-09,-5.820597574220210212e-09,1.358106129321292583e-07,3.993157946978330113e-07,-1.807401482085456493e-07,-2.546861252101980403e-06,-3.444489695858973366e-06,4.257127432948284572e-06,1.754616200483927291e-05,1.179565216068703402e-05,-3.150604582836926337e-05,-6.982986793489901227e-05,-1.355444216219573368e-05,1.371958634622107793e-04,1.908582608010547918e-04,-5.322341665105857289e-05,-4.279115052069314682e-04,-3.803449051421068446e-04,3.506466151015652532e-04,1.046917875750850817e-03,5.277233162694906473e-04,-1.181493394404017514e-03,-2.101957842312299121e-03,-3.037774025999583918e-04,2.979832129604972121e-03,3.519233067977835683e-03,-9.411704103896128800e-04,-6.206317917921242745e-03,-4.833712093070646233e-03,4.211557267126169596e-03,1.111537038932557467e-02,4.962981205557310746e-03,-1.076003106599919198e-02,-1.739457634512267883e-02,-2.050110121259421294e-03,2.177617310779755844e-02,2.372692141477650632e-02,-6.512411597233814554e-03,-3.784352483796551980e-02,-2.738400195569238790e-02,2.376396875780159915e-02,5.820138294717071281e-02,2.400813500235122327e-02,-5.248203021285384462e-02,-7.992891937519025491e-02,-7.765772798396745197e-03,9.410481094528648505e-02,9.725156464067097328e-02,-2.796215410885039693e-02,-1.473665464378544621e-01,-1.012316686879435185e-01,8.925554523010183205e-02,2.068632686558656564e-01,8.012436232019612414e-02,-1.797187600752878089e-01,-2.618814689265812068e-01,-2.063618740392449830e-02,2.981155607965342846e-01,2.958997492626956327e-01,-8.979168607601344110e-02,-4.359348507222824409e-01,-2.871850267868249484e-01,2.597388253257761903e-01,5.754051673894212682e-01,2.108269752792443774e-01,-4.898980013314001569e-01,-6.885768377725278722e-01,-4.237671283216822710e-02,7.690546602840478974e-01,7.380961092350326602e-01,-2.370145567131707320e-01,-1.070724295843007878e+00,-6.801767616618191736e-01,6.343968401344645125e-01,1.351357015879415258e+00,4.700199545395221112e-01,-1.138556663849709549e+00,-1.551025043926621771e+00,-6.955347844704079519e-02,1.714391637759423714e+00,1.597346621830513014e+00,-5.431060200574904240e-01,-2.299429218589476243e+00,-1.413053920476817771e+00,1.363558540697580534e+00,2.803818305686575751e+00,9.270973605965832087e-01,-2.351925391674452914e+00,-3.114921381295608249e+00,-8.854105660074482187e-02,3.426382509013055078e+00,3.107188275548460332e+00,-1.118177954080443737e+00,-4.461322499713411105e+00,-2.657315711182209217e+00,2.658677848581625813e+00,5.291822901754445141e+00
0.000000000000000000e+00,2.252427299660752130e-12,-6.100669172615605492e-10,-4.568558560901008949e-09,2.766493076240858616e-08,1.414441186401979410e-07,-1.320178603749451755e-07,-1.192766007683708134e-06,-3.947875672639491434e-07,4.980527243269135231e-06,5.461771695103812654e-06,-1.228944355097277269e-05,-2.488833753600022108e-05,1.599837930659378884e-05,7.255214128691332720e-05,9.272351723744546030e-06,-1.538283852568535779e-04,-1.132656095853363447e-04,2.402296789451928525e-04,3.589089873503533996e-04,-2.392546469421272801e-04,-7.820337008125561110e-04,-1.995973276276523638e-05,1.321744305812161532e-03,7.568867629427832944e-04,-1.742219639137836118e-03,-2.143030701438805238e-03,1.589922708824232289e-03,4.139587332812493838e-03,-2.431380248708176200e-04,-6.309730727085538851e-03,-2.899760036647506568e-03,7.688427799795883449e-03,8.088469801868241119e-03,-6.818467834067223204e-03,-1.480907921857720598e-02,2.049214995558028100e-03,2.143321391909576087e-02,7.868959278792631365e-03,-2.512337005976427243e-02,-2.297314899715827141e-02,2.218794110441381709e-02,4.127221375989969382e-02,-8.996126352758001751e-03,-5.825207676035713822e-02,-1.660408951900065738e-02,6.706336077014053709e-02,5.364276441926483369e-02,-5.966721369980867301e-02,-9.665128914329575160e-02,2.899081134276979693e-02,1.351689348814121561e-01,2.819221300456037360e-02,-1.547072117848433959e-01,-1.083130683316735898e-01,1.394893207558196013e-01,1.989402745974248043e-01,-7.681936278129837536e-02,-2.786298774196563355e-01,-3.765043385360549583e-02,3.195116887810617867e-01,1.950480181459521845e-01,-2.928735788478263324e-01,-3.704490250586036093e-01,1.771764706355045405e-01,5.236878725300746495e-01,3.300009924424927160e-02,-6.048777704716009618e-01,-3.193666737622358198e-01,5.646755715017414134e-01,6.363288816872986198e-01,-3.679665028179381903e-01,-9.137295345321634343e-01,8.252115794987540179e-03,1.067206706829865848e+00,4.810063461617501979e-01,-1.015713872631466064e+00,-1.022115308781665455e+00,7.036483484424830293e-01,1.499217022595991544e+00,-1.230524740270875772e-01,-1.776113098209733288e+00,-6.699375269334817418e-01,1.724524615117140280e+00,1.550290933068384058e+00,-1.258372944110552227e+00,-2.335354766137534899e+00,3.669394245949209599e-01,2.813622511823369088e+00,8.617852332160571560e-01,-2.788312498781654991e+00,-2.235937233299726046e+00,2.128655213789825584e+00,3.478652052929204874e+00,-8.181352217871863397e-01,-4.272230338359319646e+00,-1.012859883437069897e+00,4.322897134940260955e+00,3.081602552799853179e+00,-3.435329632897769603e+00
0.000000000000000000e+00,-3.830289568962382240e-13,-6.694385240836131918e-10,8.256660847258897535e-10,4.196908232547958641e-08,-2.902049537667117429e-08,-4.657745575021276770e-07,3.004637134813176322e-07,2.535732618494339098e-06,-1.710886506929922288e-06,-9.318857727567158347e-06,6.821982856506296722e-06,2.664568300690122959e-05,-2.145929224893720419e-05,-6.392865015314898455e-05,5.697738067324987371e-05,1.345956532006881677e-04,-1.331825240390791931e-04,-2.558871974083622787e-04,2.818357875568401377e-04,4.477716992019182803e-04,-5.505927640004103837e-04,-7.307538066397643167e-04,1.007172878958203068e-03,1.122384618856466431e-03,-1.743493555867928983e-03,-1.632329295166991831e-03,2.879454934491543650e-03,2.255905381281443807e-03,-4.566021293435814678e-03,-2.966072534745366630e-03,6.987217599707949527e-03,3.703929223682544611e-03,-1.036064513758042961e-02,-4.367852196107364915e-03,1.493612004849753302e-02,4.801497691999175900e-03,-2.099205356549175769e-02,-4.780966998721148525e-03,2.882922308517738008e-02,4.001520471384535302e-03,-3.876162892923136483e-02,-2.064300986769291961e-03,5.110419225261066817e-02,-1.536402543560256347e-03,-6.615712421827674161e-02,7.424760918590333006e-03,8.418688406702348748e-02,-1.635324076486949565e-02,-1.054037425055647653e-01,2.920999783012502918e-02,1.299360750345455173e-01,-4.702313563655246414e-02,-1.578016252720375878e-01,7.096113623696030659e-02,1.888760985817504179e-01,-1.023287867243319049e-01,-2.228595687705835493e-01,1.425579612052002842e-01,2.592413025047560216e-01,-1.931926735812769247e-01,-2.972637245325073230e-01,2.558678917132600761e-01,3.358863588698574598e-01,-3.322816979777207247e-01,-3.737506838854763869e-01,4.241604940704516991e-01,4.091469298540735267e-01,-5.332170779492032553e-01,-4.399839232940752076e-01,6.611015664388982804e-01,4.637631406929483835e-01,-8.093452962597621481e-01,-4.775581727040748570e-01,9.792980067461249938e-01,4.780008164922465164e-01,-1.172058786642965700e+00,-4.612750068472860621e-01,1.388401452156561078e+00,4.231197645679061203e-01,-1.628695210709589780e+00,-3.588422824236393582e-01,1.892821651232654334e+00,2.633421841330284563e-01,-2.180089283790958898e+00,-1.311478800988844784e-01,2.489147025286265080e+00,-4.353419457484031946e-02,-2.817898190248960599e+00,2.667568382221525147e-01,3.163416692727022639e+00,-5.447554037932932358e-01,-3.521867293459229220e+00,8.838569611766787792e-01,3.888431832506030972e+00,-1.290375310570397005e+00,-4.257243468124123353e+00,1.770492106586451397e+00,4.621330994990556107e+00,-2.330124617483742888e+00
0.000000000000000000e+00,-3.462666759362065280e-12,-5.267149549628086998e-10,6.404230853097882159e-09,9.823317089198941763e-09,-1.599661830305372252e-07,2.009526762602308905e-07,8.588894198212695867e-07,-2.362630643795615431e-06,-7.078831189975438111e-07,9.767519536373161007e-06,-8.952192042159709925e-06,-1.895965683975185583e-05,4.406630121586273279e-05,2.386695778536092752e-06,-1.050330655140787630e-04,9.561633605385472050e-05,1.300726311485123706e-04,-3.108999007475337500e-04,3.006438455485641571e-05,5.509679083488586669e-04,-5.355257442262356714e-04,-5.021760683519898780e-04,1.340183558958136069e-03,-2.922725868309748688e-04,-1.938899891249147838e-03,2.066081030949681614e-03,1.348546776111216039e-03,-4.275975355906231137e-03,1.396967585994574089e-03,5.270781534642218942e-03,-6.241836244427083347e-03,-2.741671592269818904e-03,1.111842615415341989e-02,-4.776594816669789412e-03,-1.192027283472240143e-02,1.584912587364065845e-02,4.247511000774994473e-03,-2.489603689226160821e-02,1.321829634576659508e-02,2.340846571662188666e-02,-3.531866762873535348e-02,-4.363676708638302044e-03,4.968525588198285936e-02,-3.149057732350773325e-02,-4.094765036346379589e-02,7.105906865061527300e-02,-2.280666123883711273e-04,-9.040606251421676176e-02,6.699724486101098220e-02,6.472811326530335252e-02,-1.316262187724202282e-01,1.555712508443869192e-02,1.523342868861965738e-01,-1.303755164937084043e-01,-9.294876395177313622e-02,2.276436084977800089e-01,-5.134345741538535318e-02,-2.402903614581670400e-01,2.359428948339435950e-01,1.206204331616042291e-01,-3.713966046472709781e-01,1.219747649605495976e-01,3.574885960137800800e-01,-4.018924037427621387e-01,-1.381989547305925714e-01,5.760391408137728320e-01,-2.473778251712782372e-01,-5.040592608282700171e-01,6.501385376964397000e-01,1.301316830041125416e-01,-8.543732176167934123e-01,4.536692488190593453e-01,6.752859423850110510e-01,-1.005726801353676869e+00,-7.342410239353680534e-02,1.217188806126666245e+00,-7.734671592377454497e-01,-8.596309187790939221e-01,1.495737597409794839e+00,-6.364892383898167194e-02,-1.671182689935521104e+00,1.245749289419790795e+00,1.036649825491658072e+00,-2.147639657655754153e+00,3.225512345364586753e-01,2.216507766844424854e+00,-1.915154865725307021e+00,-1.174921887282989630e+00,2.987078068891369398e+00,-7.550726300725880691e-01,-2.844037559022350781e+00,2.830647089233394809e+00,1.230141897676174656e+00,-4.035115811632342897e+00,1.423358992723060767e+00,3.532462331675871425e+00,-4.043479354967423944e+00,-1.143533595711527795e+00,5.304983989591446125e+00
0.000000000000000000e+00,-6.697763455542771586e-12,-1.306006734976556000e-10,6.697218410734587988e-09,-3.920371711302454672e-08,4.687311837196450342e-08,2.644071323364740401e-07,-1.189343543898587471e-06,1.875306548618471165e-06,5.100421014381754685e-07,-8.273876767026514456e-06,1.680692710848787874e-05,-1.133246565151883345e-05,-2.211172271773053258e-05,7.171705089109677489e-05,-8.530473728002523450e-05,6.753765723225433262e-07,1.772615238313017766e-04,-3.163638045113631881e-04,2.107417280011108043e-04,2.262262347630284603e-04,-7.616829894477839761e-04,8.741697746130246008e-04,-1.413395366632427179e-04,-1.224727835933282771e-03,2.203411696734378696e-03,-1.561356332483662852e-03,-9.828985675091456414e-04,3.946763810367872466e-03,-4.653957715341770426e-03,1.298052727941398843e-03,4.863340423790249271e-03,-9.308320074245281933e-03,7.131998434576358910e-03,2.464066318099727981e-03,-1.372151384062427273e-02,1.706346309546812740e-02,-6.454921730678727342e-03,-1.375127652922189352e-02,2.900838353729275759e-02,-2.411506589970427786e-02,-3.395977229267437610e-03,3.685800810078692508e-02,-4.907022647528527098e-02,2.292812983784381364e-02,3.055566286341498614e-02,-7.352659388063960411e-02,6.633638674819387904e-02,-1.205542363098542537e-03,-8.238568692097580914e-02,1.188121263093175756e-01,-6.533067868099340370e-02,-5.586545401189491056e-02,1.602387472487832032e-01,-1.568926906551673939e-01,2.330075359092719997e-02,1.599473726516123517e-01,-2.528261545480949279e-01,1.589839632488607712e-01,8.486269022913214832e-02,-3.107703210039090003e-01,3.304487246989836202e-01,-8.589048886020678175e-02,-2.767275339032190251e-01,4.861869684904218669e-01,-3.433453239187276851e-01,-1.028429697520706204e-01,5.485670359236718419e-01,-6.346802448968773547e-01,2.275155944709403022e-01,4.329157228571053340e-01,-8.611362112541429692e-01,6.749315811207104998e-01,7.985107572341323956e-02,-8.947642461586432505e-01,1.130360232052626257e+00,-5.067013961663626720e-01,-6.158447435871047260e-01,1.423889814434190271e+00,-1.229181822985067285e+00,3.514804988215287918e-02,1.362346146598561569e+00,-1.889649328415985874e+00,1.005775066618975089e+00,7.931146265736750411e-01,-2.219453432425195771e+00,2.100718714443068791e+00,-3.200207347019755622e-01,-1.948761966420631930e+00,2.992260409597477633e+00,-1.833450175817082473e+00,-9.051666913866215358e-01,3.284443418399787262e+00,-3.401533341348270234e+00,8.845146395208891565e-01,2.627339123175094660e+00,-4.519311940587585674e+00,3.125589004058758391e+00,8.578958702323253860e-01,-4.638089429974623812e+00
0.000000000000000000e+00,-9.435598048216784783e-12,4.016953343139547222e-10,-1.337542192288281789e-09,-1.203210935993611909e-08,1.098544136416776590e-07,-4.474701024575454089e-07,1.188007723457452273e-06,-2.220602193578667690e-06,2.699527750567560168e-06,-6.608388274986187691e-07,-6.805389513626497399e-06,2.232793213973191602e-05,-4.581749784632394490e-05,7.139175817553879784e-05,-8.512425560818436508e-05,6.569172707378501336e-05,1.019223665169682995e-05,-1.570127229366215574e-04,3.662471560852106661e-04,-5.934830685450012818e-04,7.537822870626810674e-04,-7.322920003704544824e-04,4.140865296847037920e-04,2.689831125552033671e-04,-1.284829125031983384e-03,2.459067282009402920e-03,-3.466134114794059296e-03,3.872257401943096904e-03,-3.237508973169707632e-03,1.265510283967689062e-03,2.032306240823466854e-03,-6.208926743781533787e-03,1.034811808687472606e-02,-1.317167172514536327e-02,1.330385431963082565e-02,-9.663390927265994024e-03,1.902094347358423932e-03,9.232031150764161490e-03,-2.174446409611823991e-02,3.257029462383121549e-02,-3.812463234509239768e-02,3.517565535525779552e-02,-2.187697777027122759e-02,-1.297206488345022807e-03,3.101262386931810319e-02,-6.119439982880508361e-02,8.394785575892120544e-02,-9.123034132573981658e-02,7.699817398735803176e-02,-3.935118422555124174e-02,-1.791704935968391546e-02,8.493024457630569957e-02,-1.468803333047129511e-01,1.867618328253635718e-01,-1.893129394537556576e-01,1.453787340761385216e-01,-5.563062903175663987e-02,-6.747616062220263000e-02,2.003887744674243410e-01,-3.121493956416391824e-01,3.707405246532248233e-01,-3.509669032840346259e-01,2.421442261145759500e-01,-5.358786183268861997e-02,-1.839114174527328172e-01,4.217397967141942039e-01,-6.022466527138304881e-01,6.713654714598106255e-01,-5.925724050541548715e-01,3.589199558662011791e-01,1.827417489216593522e-04,-4.200074301591894543e-01,8.103927185200663352e-01,-1.073471925516150893e+00,1.126129864743657505e+00,-9.224186130586471410e-01,4.704372500134139101e-01,1.612923036712581304e-01,-8.510883688783164036e-01,1.445272564285327910e+00,-1.790140050180887510e+00,1.768569520920251437e+00,-1.333105168645914329e+00,5.270556240251890179e-01,5.131157080265855708e-01,-1.577239447811420892e+00,2.421025646863393277e+00,-2.819023828958199029e+00,2.620106614265772738e+00,-1.792619904581608692e+00,4.471667787094283364e-01,1.171198785800177111e+00,-2.723345720852976548e+00,3.843501380956592328e+00,-4.221165080329377872e+00,3.679982277453536010e+00,-2.234700908439283040e+00,1.102820418760443455e-01,2.285705960402909742e+00
0.000000000000000000e+00,-1.054906121809007424e-11,6.698551766961633281e-10,-7.562692256970689034e-09,4.207415531738582931e-08,-1.587586898685135795e-07,4.684231952032074435e-07,-1.165947176414372284e-06,2.561713570620500617e-06,-5.115391117104567108e-06,9.470693667421694313e-06,-1.648964421447404722e-05,2.728479211925226923e-05,-4.324777137646436620e-05,6.607254601821703651e-05,-9.777166602849344775e-05,1.406838534396978807e-04,-1.974712535063117072e-04,2.711047197932611665e-04,-3.648355543674767143e-04,4.821521946286425357e-04,-6.267204261501085720e-04,8.023058056198298631e-04,-1.012677098880974610e-03,1.261489675392791360e-03,-1.552147951304692604e-03,1.887646137822915175e-03,-2.270386728641933787e-03,2.701976348836470591e-03,-3.182998786631719215e-03,3.712765237695209251e-03,-4.289042007788887445e-03,4.907756142495690692e-03,-5.562679680974271824e-03,6.245093462947244080e-03,-6.943431653007687762e-03,7.642908382449485616e-03,-8.325128144763932828e-03,8.967681815307394430e-03,-9.543730396972890592e-03,1.002157882062882678e-02,-1.036424235018313517e-02,1.052900835600982694e-02,-1.046699642582321621e-02,1.012271997747624976e-02,-9.433652722412774402e-03,8.329803500264217411e-03,-6.733303163191124187e-03,4.558007331869800074e-03,-1.709118972304812757e-03,-1.917165146850102362e-03,6.433979964547571415e-03,-1.196408537957436256e-02,1.864012296547797737e-02,-2.660483183548313993e-02,3.601121933252202784e-02,-4.702268222935755693e-02,5.981307415521485565e-02,-7.456671502054781908e-02,9.147833828877929840e-02,-1.107529720449954153e-01,1.326057499363793857e-01,-1.572616482064123911e-01,1.849551452172937260e-01,-2.159298000490139646e-01,2.504377469820555091e-01,-2.887391029113090535e-01,3.311012850016665787e-01,-3.777982361815267476e-01,4.291095563758050013e-01,-4.853195377076773287e-01,5.467161022443743912e-01,-6.135896412284790324e-01,6.862317551185568298e-01,-7.649338941645053014e-01,8.499858996580205162e-01,-9.416744464294022343e-01,1.040281387606182273e+00,-1.146082003103364721e+00,1.259343153782724434e+00,-1.380321343692358926e+00,1.509260693280445986e+00,-1.646390826965984822e+00,1.791924678940062021e+00,-1.946056221567921574e+00,2.108958121256015339e+00,-2.280779327143467761e+00,2.461642598468699372e+00,-2.651641976948885482e+00,2.850840210990392087e+00,-3.059266139019838793e+00,3.276912039688833822e+00,-3.503730957152036751e+00,3.739634010057764968e+00,-3.984487693307440903e+00,4.238111182043692082e+00,-4.500273647710651304e+00,4.770691596389746714e+00,-5.049026239955857420e+00,5.334880910911032892e+00
